<?xml version="1.0"?>
<!--<!DOCTYPE metadata SYSTEM "http://www.esri.com/metadata/esriprof80.dtd">-->
<metadata xml:lang="en"><Esri><MetaID>{33442E68-4776-4B3D-B15D-AB46263B66C9}</MetaID><CreaDate>20090129</CreaDate><CreaTime>03080900</CreaTime><SyncOnce>TRUE</SyncOnce><DataProperties><lineage><Process ToolSource="C:\Program Files\ArcGIS\ArcToolbox\Toolboxes\Data Management Tools.tbx\Project" Date="20090129" Time="030809">Project grp2000 C:\MyFiles\Papers\InProgress\DentonPop\WGS84_UTM14N\Group2000.shp PROJCS['WGS_1984_UTM_Zone_14N',GEOGCS['GCS_WGS_1984',DATUM['D_WGS_1984',SPHEROID['WGS_1984',6378137.0,298.257223563]],PRIMEM['Greenwich',0.0],UNIT['Degree',0.0174532925199433]],PROJECTION['Transverse_Mercator'],PARAMETER['False_Easting',500000.0],PARAMETER['False_Northing',0.0],PARAMETER['Central_Meridian',-99.0],PARAMETER['Scale_Factor',0.9996],PARAMETER['Latitude_Of_Origin',0.0],UNIT['Meter',1.0]] # PROJCS['NAD83 Texas State Planes, North Central Zone, US Foot',GEOGCS['North_American_Datum_1983',DATUM['D_North_American_1983',SPHEROID['Geodetic_Reference_System_of_1980',6378137.0,298.2572221009113]],PRIMEM['Greenwich',0.0],UNIT['Degree',0.0174532925199433]],PROJECTION['Lambert_Conformal_Conic'],PARAMETER['false_easting',1968500.0],PARAMETER['false_northing',6561666.667],PARAMETER['central_meridian',-98.5],PARAMETER['standard_parallel_1',33.9666666666667],PARAMETER['standard_parallel_2',32.1333333333333],PARAMETER['latitude_of_origin',31.6666666666667],UNIT['Foot_US',0.3048006]]</Process></lineage></DataProperties></Esri></metadata>
