<?xml version="1.0" encoding="UTF-8"?>
<metadata xml:lang="en"><Esri><CreaDate>20160216</CreaDate><CreaTime>12433700</CreaTime><ArcGISFormat>1.0</ArcGISFormat><SyncOnce>TRUE</SyncOnce><DataProperties><lineage><Process ToolSource="c:\program files (x86)\arcgis\desktop10.1\ArcToolbox\Toolboxes\Data Management Tools.tbx\CalculateField" Date="20160216" Time="124337">CalculateField STATES V_RATE calcVacancyRate( !HSE_UNITS!, !VACANT!) PYTHON_9.3 "def calcVacancyRate(HSEUNITS, VACANT):\n    VR = float(VACANT / HSEUNITS)\n    return VR"</Process><Process ToolSource="c:\program files (x86)\arcgis\desktop10.1\ArcToolbox\Toolboxes\Data Management Tools.tbx\CalculateField" Date="20160216" Time="124408">CalculateField STATES V_RATE calcVacancyRate(!HSE_UNITS!, !VACANT!) PYTHON_9.3 "def calcVacancyRate(HSEUNITS, VACANT):\n    VR = float(VACANT / HSEUNITS)\n    return VR"</Process><Process ToolSource="c:\program files (x86)\arcgis\desktop10.1\ArcToolbox\Toolboxes\Data Management Tools.tbx\CalculateField" Date="20160216" Time="124513">CalculateField STATES V_RATE calcVR(!HSE_UNITS!, !VACANT!) PYTHON_9.3 "def calcVR(HSEUNITS, VACANT):\n    VR = float(VACANT/HSEUNITS)\n    return VR"</Process><Process ToolSource="c:\program files (x86)\arcgis\desktop10.1\ArcToolbox\Toolboxes\Data Management Tools.tbx\CalculateField" Date="20160216" Time="124602">CalculateField STATES V_RATE calcVR( !VACANT! , !HSE_UNITS! ) PYTHON_9.3 "def calcVR(HSEUNITS, VACANT):\n    VR = float(VACANT/HSEUNITS)\n    return VR"</Process><Process ToolSource="c:\program files (x86)\arcgis\desktop10.1\ArcToolbox\Toolboxes\Data Management Tools.tbx\CalculateField" Date="20160216" Time="124640">CalculateField STATES V_RATE calcVR( !VACANT! , !HSE_UNITS! ) PYTHON_9.3 "def calcVR(VACANT, HSEUNITS):\n    VR = float(VACANT/HSEUNITS)\n    return VR"</Process><Process ToolSource="c:\program files (x86)\arcgis\desktop10.1\ArcToolbox\Toolboxes\Data Management Tools.tbx\CalculateField" Date="20160216" Time="124742">CalculateField STATES V_RATE "!VACANT! / !HSE_UNITS!" PYTHON_9.3 #</Process><Process ToolSource="c:\program files (x86)\arcgis\desktop10.1\ArcToolbox\Toolboxes\Data Management Tools.tbx\CalculateField" Date="20160216" Time="124852">CalculateField STATES v_rate "!VACANT! / !HSE_UNITS!" PYTHON_9.3 #</Process><Process ToolSource="c:\program files (x86)\arcgis\desktop10.1\ArcToolbox\Toolboxes\Data Management Tools.tbx\CalculateField" Date="20160216" Time="125440">CalculateField STATES VR_Rate calcVRate( !VACANT!, !HSE_UNITS!) PYTHON_9.3 "def calcVRate(VACANT, HSE_UNITS):\n    VR = float(VACANT / HSE_UNITS)\n    return VR"</Process><Process ToolSource="c:\program files (x86)\arcgis\desktop10.1\ArcToolbox\Toolboxes\Data Management Tools.tbx\CalculateField" Date="20160216" Time="125546">CalculateField STATES VR_RATE calcVRate( !VACANT!, !HSE_UNITS!) PYTHON_9.3 "def calcVRate(VACANT, HSE_UNITS):\n    VR = float(VACANT / HSE_UNITS)\n    return VR"</Process><Process ToolSource="c:\program files (x86)\arcgis\desktop10.1\ArcToolbox\Toolboxes\Data Management Tools.tbx\CalculateField" Date="20160216" Time="130150">CalculateField STATES VR_RATE calcVRate( !VACANT!, !HSE_UNITS!) PYTHON_9.3 "def calcVRate(VACANT, HSE_UNITS):\n    VR = VACANT / HSE_UNITS\n    return VR"</Process><Process ToolSource="c:\program files (x86)\arcgis\desktop10.1\ArcToolbox\Toolboxes\Data Management Tools.tbx\CalculateField" Date="20160216" Time="130227">CalculateField STATES VR_RATE2 calcVRate( !VACANT!, !HSE_UNITS!) PYTHON_9.3 "def calcVRate(VACANT, HSE_UNITS):\n    VR = VACANT / HSE_UNITS\n    return VR"</Process><Process ToolSource="c:\program files (x86)\arcgis\desktop10.1\ArcToolbox\Toolboxes\Data Management Tools.tbx\CalculateField" Date="20160216" Time="130253">CalculateField STATES VR_RATE2 calcVRate( !VACANT!, !HSE_UNITS!) PYTHON_9.3 "def calcVRate(VACANT, HSE_UNITS):\n    VR = float(VACANT / HSE_UNITS)\n    return VR"</Process><Process ToolSource="c:\program files (x86)\arcgis\desktop10.1\ArcToolbox\Toolboxes\Data Management Tools.tbx\CalculateField" Date="20160216" Time="130330">CalculateField STATES VR_RATE2 calcVRate( !VACANT!, !HSE_UNITS!) PYTHON_9.3 "def calcVRate(VACANT, HSE_UNITS):\n    VR = float(VACANT / HSE_UNITS)*100\n    return VR"</Process><Process ToolSource="c:\program files (x86)\arcgis\desktop10.1\ArcToolbox\Toolboxes\Data Management Tools.tbx\CalculateField" Date="20160216" Time="130402">CalculateField STATES VR_RATE "!VACANT! / !HSE_UNITS!" PYTHON_9.3 #</Process><Process ToolSource="c:\program files (x86)\arcgis\desktop10.1\ArcToolbox\Toolboxes\Data Management Tools.tbx\CalculateField" Date="20160216" Time="130744">CalculateField STATES VR_Rate calcVRate( !VACANT!, !HSE_UNITS!) PYTHON_9.3 "def calcVRate(VACANT, HSE_UNITS):\n    VR = float(VACANT) / float(HSE_UNITS)\n    return VR"</Process><Process ToolSource="c:\program files (x86)\arcgis\desktop10.1\ArcToolbox\Toolboxes\Data Management Tools.tbx\CalculateField" Date="20160216" Time="130804">CalculateField STATES VR_Rate calcVRate( !VACANT!, !HSE_UNITS!) PYTHON_9.3 "def calcVRate(VACANT, HSE_UNITS):\n    VR = float(VACANT) / float(HSE_UNITS)\n    return VR"</Process></lineage></DataProperties></Esri></metadata>
