<?xml version="1.0" encoding="UTF-8"?>
<metadata xml:lang="en"><Esri><CreaDate>20160216</CreaDate><CreaTime>23581400</CreaTime><ArcGISFormat>1.0</ArcGISFormat><SyncOnce>TRUE</SyncOnce><DataProperties><itemProps><itemLocation><linkage Sync="TRUE">file://\\THINKPAD\H$\MyFiles\Courses\4590\Spring2016\Homework2\California</linkage><protocol Sync="TRUE">Local Area Network</protocol></itemLocation></itemProps><copyHistory><copy source="H:\MyFiles\Courses\4590\Spring2016\Labs\Lab05\California" dest="\\THINKPAD\H$\MyFiles\Courses\4590\Spring2016\Homework2\California" date="20160216" time="23581400"></copy></copyHistory><lineage><Process ToolSource="c:\program files\arcgis\desktop10.2\ArcToolbox\Toolboxes\Data Management Tools.tbx\CalculateField" Date="20160131" Time="043632">CalculateField STATES Score calculateIncrease(!POP1990!, !POP1999!) PYTHON_9.3 "def calculateIncrease(pop1, pop2):\n  pct = (pop2 - pop1)/float(pop1) * 100\n  return pct"</Process><Process ToolSource="c:\program files\arcgis\desktop10.2\ArcToolbox\Toolboxes\Data Management Tools.tbx\CalculateField" Date="20160131" Time="044710">CalculateField STATES Score calculateIncrease(!POP1990!, !POP1999!, !STATE_NAME!) PYTHON_9.3 "def calculateIncrease(pop1, pop2, stName):\n  if stName != "District of Columbia":\n    pct = (pop2 - pop1)/float(pop1) * 100\n  else:\n    pct = 0\n  return pct"</Process><Process ToolSource="c:\program files\arcgis\desktop10.2\ArcToolbox\Toolboxes\Data Management Tools.tbx\CalculateField" Date="20160131" Time="050021">CalculateField STATES Score calculateValue(!FEMALES!, !MALES!, !HOUSEHOLDS!) PYTHON_9.3 "def calculateValue(female, male, household):\n  ratio = float(female)/male\n  value = ratio\n  return value"</Process><Process ToolSource="c:\program files\arcgis\desktop10.2\ArcToolbox\Toolboxes\Data Management Tools.tbx\CalculateField" Date="20160131" Time="050057">CalculateField STATES Score calculateValue(!FEMALES!, !MALES!, !HOUSEHOLDS!) PYTHON_9.3 "def calculateValue(female, male, household):\n  ratio = float(female)/male\n  value = ratio * household\n  return value"</Process></lineage></DataProperties></Esri></metadata>
