<?xml version="1.0"?>
<!--<!DOCTYPE metadata SYSTEM "http://www.esri.com/metadata/esriprof80.dtd">-->
<metadata xml:lang="en"><Esri><CreaDate>20160216</CreaDate><CreaTime>23581500</CreaTime><SyncOnce>FALSE</SyncOnce><SyncDate>20080609</SyncDate><SyncTime>09535300</SyncTime><ModDate>20080609</ModDate><ModTime>09535300</ModTime><ArcGISFormat>1.0</ArcGISFormat><DataProperties><itemProps><itemLocation><linkage Sync="TRUE">file://\\THINKPAD\H$\MyFiles\Courses\4590\Spring2016\Homework2\Denton</linkage><protocol Sync="TRUE">Local Area Network</protocol></itemLocation></itemProps><copyHistory><copy source="H:\MyFiles\Courses\4590\Spring2016\Labs\Lab05\Denton" dest="\\THINKPAD\H$\MyFiles\Courses\4590\Spring2016\Homework2\Denton" date="20160216" time="23581500"></copy></copyHistory></DataProperties></Esri><idinfo><native Sync="TRUE">Microsoft Windows XP Version 5.1 (Build 2600) Service Pack 2; ESRI ArcCatalog 9.2.2.1350</native><descript><langdata Sync="TRUE">en</langdata><abstract>REQUIRED: A brief narrative summary of the data set.</abstract><purpose>REQUIRED: A summary of the intentions with which the data set was developed.</purpose></descript><citation><citeinfo><origin>REQUIRED: The name of an organization or individual that developed the data set.</origin><pubdate>REQUIRED: The date when the data set is published or otherwise made available for release.</pubdate><title Sync="TRUE">COUNTIES</title><ftname Sync="TRUE">COUNTIES</ftname><geoform Sync="TRUE">vector digital data</geoform><onlink Sync="TRUE">\\cas-research.cas.ad\research\CSAM\class\4520\USA\COUNTIES.shp</onlink></citeinfo></citation><timeperd><current>REQUIRED: The basis on which the time period of content information is determined.</current><timeinfo><sngdate><caldate>REQUIRED: The year (and optionally month, or month and day) for which the data set corresponds to the ground.</caldate></sngdate></timeinfo></timeperd><status><progress>REQUIRED: The state of the data set.</progress><update>REQUIRED: The frequency with which changes and additions are made to the data set after the initial data set is completed.</update></status><spdom><bounding><westbc Sync="TRUE">-178.217598</westbc><eastbc Sync="TRUE">-66.969271</eastbc><northbc Sync="TRUE">71.406235</northbc><southbc Sync="TRUE">18.924782</southbc></bounding><lboundng><leftbc Sync="TRUE">-178.217598</leftbc><rightbc Sync="TRUE">-66.969271</rightbc><bottombc Sync="TRUE">18.924782</bottombc><topbc Sync="TRUE">71.406235</topbc></lboundng></spdom><keywords><theme><themekt>REQUIRED: Reference to a formally registered thesaurus or a similar authoritative source of theme keywords.</themekt><themekey>REQUIRED: Common-use word or phrase used to describe the subject of the data set.</themekey></theme></keywords><accconst>REQUIRED: Restrictions and legal prerequisites for accessing the data set.</accconst><useconst>REQUIRED: Restrictions and legal prerequisites for using the data set after access is granted.</useconst><natvform Sync="TRUE">Shapefile</natvform></idinfo><dataIdInfo><envirDesc Sync="TRUE">Microsoft Windows XP Version 5.1 (Build 2600) Service Pack 2; ESRI ArcCatalog 9.2.2.1350</envirDesc><dataLang><languageCode Sync="TRUE" value="en"></languageCode></dataLang><idCitation><resTitle Sync="TRUE">COUNTIES</resTitle><presForm><PresFormCd Sync="TRUE" value="005"></PresFormCd></presForm></idCitation><spatRpType><SpatRepTypCd Sync="TRUE" value="001"></SpatRepTypCd></spatRpType><dataExt><geoEle><GeoBndBox esriExtentType="native"><westBL Sync="TRUE">-178.217598</westBL><eastBL Sync="TRUE">-66.969271</eastBL><northBL Sync="TRUE">71.406235</northBL><southBL Sync="TRUE">18.924782</southBL><exTypeCode Sync="TRUE">1</exTypeCode></GeoBndBox></geoEle></dataExt><geoBox esriExtentType="decdegrees"><westBL Sync="TRUE">-178.217598</westBL><eastBL Sync="TRUE">-66.969271</eastBL><northBL Sync="TRUE">71.406235</northBL><southBL Sync="TRUE">18.924782</southBL><exTypeCode Sync="TRUE">1</exTypeCode></geoBox></dataIdInfo><metainfo><langmeta Sync="TRUE">en</langmeta><metstdn Sync="TRUE">FGDC Content Standards for Digital Geospatial Metadata</metstdn><metstdv Sync="TRUE">FGDC-STD-001-1998</metstdv><mettc Sync="TRUE">local time</mettc><metc><cntinfo><cntorgp><cntper>REQUIRED: The person responsible for the metadata information.</cntper><cntorg>REQUIRED: The organization responsible for the metadata information.</cntorg></cntorgp><cntaddr><addrtype>REQUIRED: The mailing and/or physical address for the organization or individual.</addrtype><city>REQUIRED: The city of the address.</city><state>REQUIRED: The state or province of the address.</state><postal>REQUIRED: The ZIP or other postal code of the address.</postal></cntaddr><cntvoice>REQUIRED: The telephone number by which individuals can speak to the organization or individual.</cntvoice></cntinfo></metc><metd Sync="TRUE">20080609</metd><metextns><onlink Sync="TRUE">http://www.esri.com/metadata/esriprof80.html</onlink><metprof Sync="TRUE">ESRI Metadata Profile</metprof></metextns></metainfo><mdLang><languageCode Sync="TRUE" value="en"></languageCode></mdLang><mdStanName Sync="TRUE">ISO 19115 Geographic Information - Metadata</mdStanName><mdStanVer Sync="TRUE">DIS_ESRI1.0</mdStanVer><mdChar><CharSetCd Sync="TRUE" value="004"></CharSetCd></mdChar><mdHrLv><ScopeCd Sync="TRUE" value="005"></ScopeCd></mdHrLv><mdHrLvName Sync="TRUE">dataset</mdHrLvName><distinfo><resdesc Sync="TRUE">Downloadable Data</resdesc><stdorder><digform><digtinfo><transize Sync="TRUE">1.448</transize><dssize Sync="TRUE">1.448</dssize></digtinfo></digform></stdorder></distinfo><distInfo><distributor><distorTran><onLineSrc><orDesc Sync="TRUE">002</orDesc><linkage Sync="TRUE">file://\\cas-research.cas.ad\research\CSAM\class\4520\USA\COUNTIES.shp</linkage><protocol Sync="TRUE">Local Area Network</protocol></onLineSrc><transSize Sync="TRUE">1.448</transSize></distorTran><distorFormat><formatName Sync="TRUE">Shapefile</formatName></distorFormat></distributor></distInfo><spdoinfo><direct Sync="TRUE">Vector</direct><ptvctinf><esriterm Name="COUNTIES"><efeatyp Sync="TRUE">Simple</efeatyp><efeageom Sync="TRUE">Polygon</efeageom><esritopo Sync="TRUE">FALSE</esritopo><efeacnt Sync="TRUE">3140</efeacnt><spindex Sync="TRUE">FALSE</spindex><linrefer Sync="TRUE">FALSE</linrefer></esriterm><sdtsterm Name="COUNTIES"><sdtstype Sync="TRUE">G-polygon</sdtstype><ptvctcnt Sync="TRUE">3140</ptvctcnt></sdtsterm></ptvctinf></spdoinfo><spref><horizsys><cordsysn><geogcsn Sync="TRUE">GCS_North_American_1983</geogcsn></cordsysn><geograph><geogunit Sync="TRUE">Decimal degrees</geogunit><latres Sync="TRUE">0.000000</latres><longres Sync="TRUE">0.000000</longres></geograph><geodetic><horizdn Sync="TRUE">North American Datum of 1983</horizdn><ellips Sync="TRUE">Geodetic Reference System 80</ellips><semiaxis Sync="TRUE">6378137.000000</semiaxis><denflat Sync="TRUE">298.257222</denflat></geodetic></horizsys></spref><refSysInfo><RefSystem><refSysID><identCode Sync="TRUE">GCS_North_American_1983</identCode></refSysID></RefSystem></refSysInfo><spatRepInfo><VectSpatRep><topLvl><TopoLevCd Sync="TRUE" value="001"></TopoLevCd></topLvl><geometObjs Name="COUNTIES"><geoObjTyp><GeoObjTypCd Sync="TRUE" value="001"></GeoObjTypCd></geoObjTyp><geoObjCnt Sync="TRUE">3140</geoObjCnt></geometObjs></VectSpatRep></spatRepInfo><eainfo><detailed Name="COUNTIES"><enttyp><enttypl Sync="TRUE">COUNTIES</enttypl><enttypt Sync="TRUE">Feature Class</enttypt><enttypc Sync="TRUE">3140</enttypc></enttyp><attr><attrlabl Sync="TRUE">FID</attrlabl><attalias Sync="TRUE">FID</attalias><attrtype Sync="TRUE">OID</attrtype><attwidth Sync="TRUE">4</attwidth><atprecis Sync="TRUE">0</atprecis><attscale Sync="TRUE">0</attscale><attrdef Sync="TRUE">Internal feature number.</attrdef><attrdefs Sync="TRUE">ESRI</attrdefs><attrdomv><udom Sync="TRUE">Sequential unique whole numbers that are automatically generated.</udom></attrdomv></attr><attr><attrlabl Sync="TRUE">Shape</attrlabl><attalias Sync="TRUE">Shape</attalias><attrtype Sync="TRUE">Geometry</attrtype><attwidth Sync="TRUE">0</attwidth><atprecis Sync="TRUE">0</atprecis><attscale Sync="TRUE">0</attscale><attrdef Sync="TRUE">Feature geometry.</attrdef><attrdefs Sync="TRUE">ESRI</attrdefs><attrdomv><udom Sync="TRUE">Coordinates defining the features.</udom></attrdomv></attr><attr><attrlabl Sync="TRUE">NAME</attrlabl><attalias Sync="TRUE">NAME</attalias><attrtype Sync="TRUE">String</attrtype><attwidth Sync="TRUE">32</attwidth></attr><attr><attrlabl Sync="TRUE">STATE_NAME</attrlabl><attalias Sync="TRUE">STATE_NAME</attalias><attrtype Sync="TRUE">String</attrtype><attwidth Sync="TRUE">25</attwidth></attr><attr><attrlabl Sync="TRUE">STATE_FIPS</attrlabl><attalias Sync="TRUE">STATE_FIPS</attalias><attrtype Sync="TRUE">String</attrtype><attwidth Sync="TRUE">2</attwidth></attr><attr><attrlabl Sync="TRUE">CNTY_FIPS</attrlabl><attalias Sync="TRUE">CNTY_FIPS</attalias><attrtype Sync="TRUE">String</attrtype><attwidth Sync="TRUE">3</attwidth></attr><attr><attrlabl Sync="TRUE">FIPS</attrlabl><attalias Sync="TRUE">FIPS</attalias><attrtype Sync="TRUE">String</attrtype><attwidth Sync="TRUE">5</attwidth></attr><attr><attrlabl Sync="TRUE">AREA</attrlabl><attalias Sync="TRUE">AREA</attalias><attrtype Sync="TRUE">Number</attrtype><attwidth Sync="TRUE">18</attwidth><atnumdec Sync="TRUE">4</atnumdec></attr><attr><attrlabl Sync="TRUE">POP1990</attrlabl><attalias Sync="TRUE">POP1990</attalias><attrtype Sync="TRUE">Number</attrtype><attwidth Sync="TRUE">10</attwidth></attr><attr><attrlabl Sync="TRUE">POP1999</attrlabl><attalias Sync="TRUE">POP1999</attalias><attrtype Sync="TRUE">Number</attrtype><attwidth Sync="TRUE">10</attwidth></attr><attr><attrlabl Sync="TRUE">POP90_SQMI</attrlabl><attalias Sync="TRUE">POP90_SQMI</attalias><attrtype Sync="TRUE">Number</attrtype><attwidth Sync="TRUE">6</attwidth></attr><attr><attrlabl Sync="TRUE">HOUSEHOLDS</attrlabl><attalias Sync="TRUE">HOUSEHOLDS</attalias><attrtype Sync="TRUE">Number</attrtype><attwidth Sync="TRUE">8</attwidth></attr><attr><attrlabl Sync="TRUE">MALES</attrlabl><attalias Sync="TRUE">MALES</attalias><attrtype Sync="TRUE">Number</attrtype><attwidth Sync="TRUE">8</attwidth></attr><attr><attrlabl Sync="TRUE">FEMALES</attrlabl><attalias Sync="TRUE">FEMALES</attalias><attrtype Sync="TRUE">Number</attrtype><attwidth Sync="TRUE">8</attwidth></attr><attr><attrlabl Sync="TRUE">WHITE</attrlabl><attalias Sync="TRUE">WHITE</attalias><attrtype Sync="TRUE">Number</attrtype><attwidth Sync="TRUE">8</attwidth></attr><attr><attrlabl Sync="TRUE">BLACK</attrlabl><attalias Sync="TRUE">BLACK</attalias><attrtype Sync="TRUE">Number</attrtype><attwidth Sync="TRUE">8</attwidth></attr><attr><attrlabl Sync="TRUE">AMERI_ES</attrlabl><attalias Sync="TRUE">AMERI_ES</attalias><attrtype Sync="TRUE">Number</attrtype><attwidth Sync="TRUE">6</attwidth></attr><attr><attrlabl Sync="TRUE">ASIAN_PI</attrlabl><attalias Sync="TRUE">ASIAN_PI</attalias><attrtype Sync="TRUE">Number</attrtype><attwidth Sync="TRUE">7</attwidth></attr><attr><attrlabl Sync="TRUE">OTHER</attrlabl><attalias Sync="TRUE">OTHER</attalias><attrtype Sync="TRUE">Number</attrtype><attwidth Sync="TRUE">8</attwidth></attr><attr><attrlabl Sync="TRUE">HISPANIC</attrlabl><attalias Sync="TRUE">HISPANIC</attalias><attrtype Sync="TRUE">Number</attrtype><attwidth Sync="TRUE">8</attwidth></attr><attr><attrlabl Sync="TRUE">AGE_UNDER5</attrlabl><attalias Sync="TRUE">AGE_UNDER5</attalias><attrtype Sync="TRUE">Number</attrtype><attwidth Sync="TRUE">7</attwidth></attr><attr><attrlabl Sync="TRUE">AGE_5_17</attrlabl><attalias Sync="TRUE">AGE_5_17</attalias><attrtype Sync="TRUE">Number</attrtype><attwidth Sync="TRUE">8</attwidth></attr><attr><attrlabl Sync="TRUE">AGE_18_29</attrlabl><attalias Sync="TRUE">AGE_18_29</attalias><attrtype Sync="TRUE">Number</attrtype><attwidth Sync="TRUE">8</attwidth></attr><attr><attrlabl Sync="TRUE">AGE_30_49</attrlabl><attalias Sync="TRUE">AGE_30_49</attalias><attrtype Sync="TRUE">Number</attrtype><attwidth Sync="TRUE">8</attwidth></attr><attr><attrlabl Sync="TRUE">AGE_50_64</attrlabl><attalias Sync="TRUE">AGE_50_64</attalias><attrtype Sync="TRUE">Number</attrtype><attwidth Sync="TRUE">8</attwidth></attr><attr><attrlabl Sync="TRUE">AGE_65_UP</attrlabl><attalias Sync="TRUE">AGE_65_UP</attalias><attrtype Sync="TRUE">Number</attrtype><attwidth Sync="TRUE">7</attwidth></attr><attr><attrlabl Sync="TRUE">NEVERMARRY</attrlabl><attalias Sync="TRUE">NEVERMARRY</attalias><attrtype Sync="TRUE">Number</attrtype><attwidth Sync="TRUE">8</attwidth></attr><attr><attrlabl Sync="TRUE">MARRIED</attrlabl><attalias Sync="TRUE">MARRIED</attalias><attrtype Sync="TRUE">Number</attrtype><attwidth Sync="TRUE">8</attwidth></attr><attr><attrlabl Sync="TRUE">SEPARATED</attrlabl><attalias Sync="TRUE">SEPARATED</attalias><attrtype Sync="TRUE">Number</attrtype><attwidth Sync="TRUE">7</attwidth></attr><attr><attrlabl Sync="TRUE">WIDOWED</attrlabl><attalias Sync="TRUE">WIDOWED</attalias><attrtype Sync="TRUE">Number</attrtype><attwidth Sync="TRUE">7</attwidth></attr><attr><attrlabl Sync="TRUE">DIVORCED</attrlabl><attalias Sync="TRUE">DIVORCED</attalias><attrtype Sync="TRUE">Number</attrtype><attwidth Sync="TRUE">7</attwidth></attr><attr><attrlabl Sync="TRUE">HSEHLD_1_M</attrlabl><attalias Sync="TRUE">HSEHLD_1_M</attalias><attrtype Sync="TRUE">Number</attrtype><attwidth Sync="TRUE">7</attwidth></attr><attr><attrlabl Sync="TRUE">HSEHLD_1_F</attrlabl><attalias Sync="TRUE">HSEHLD_1_F</attalias><attrtype Sync="TRUE">Number</attrtype><attwidth Sync="TRUE">7</attwidth></attr><attr><attrlabl Sync="TRUE">MARHH_CHD</attrlabl><attalias Sync="TRUE">MARHH_CHD</attalias><attrtype Sync="TRUE">Number</attrtype><attwidth Sync="TRUE">7</attwidth></attr><attr><attrlabl Sync="TRUE">MARHH_NO_C</attrlabl><attalias Sync="TRUE">MARHH_NO_C</attalias><attrtype Sync="TRUE">Number</attrtype><attwidth Sync="TRUE">7</attwidth></attr><attr><attrlabl Sync="TRUE">MHH_CHILD</attrlabl><attalias Sync="TRUE">MHH_CHILD</attalias><attrtype Sync="TRUE">Number</attrtype><attwidth Sync="TRUE">6</attwidth></attr><attr><attrlabl Sync="TRUE">FHH_CHILD</attrlabl><attalias Sync="TRUE">FHH_CHILD</attalias><attrtype Sync="TRUE">Number</attrtype><attwidth Sync="TRUE">7</attwidth></attr><attr><attrlabl Sync="TRUE">HSE_UNITS</attrlabl><attalias Sync="TRUE">HSE_UNITS</attalias><attrtype Sync="TRUE">Number</attrtype><attwidth Sync="TRUE">8</attwidth></attr><attr><attrlabl Sync="TRUE">VACANT</attrlabl><attalias Sync="TRUE">VACANT</attalias><attrtype Sync="TRUE">Number</attrtype><attwidth Sync="TRUE">7</attwidth></attr><attr><attrlabl Sync="TRUE">OWNER_OCC</attrlabl><attalias Sync="TRUE">OWNER_OCC</attalias><attrtype Sync="TRUE">Number</attrtype><attwidth Sync="TRUE">8</attwidth></attr><attr><attrlabl Sync="TRUE">RENTER_OCC</attrlabl><attalias Sync="TRUE">RENTER_OCC</attalias><attrtype Sync="TRUE">Number</attrtype><attwidth Sync="TRUE">8</attwidth></attr><attr><attrlabl Sync="TRUE">MEDIAN_VAL</attrlabl><attalias Sync="TRUE">MEDIAN_VAL</attalias><attrtype Sync="TRUE">Number</attrtype><attwidth Sync="TRUE">7</attwidth></attr><attr><attrlabl Sync="TRUE">MEDIANRENT</attrlabl><attalias Sync="TRUE">MEDIANRENT</attalias><attrtype Sync="TRUE">Number</attrtype><attwidth Sync="TRUE">4</attwidth></attr><attr><attrlabl Sync="TRUE">UNITS_1DET</attrlabl><attalias Sync="TRUE">UNITS_1DET</attalias><attrtype Sync="TRUE">Number</attrtype><attwidth Sync="TRUE">8</attwidth></attr><attr><attrlabl Sync="TRUE">UNITS_1ATT</attrlabl><attalias Sync="TRUE">UNITS_1ATT</attalias><attrtype Sync="TRUE">Number</attrtype><attwidth Sync="TRUE">7</attwidth></attr><attr><attrlabl Sync="TRUE">UNITS2</attrlabl><attalias Sync="TRUE">UNITS2</attalias><attrtype Sync="TRUE">Number</attrtype><attwidth Sync="TRUE">7</attwidth></attr><attr><attrlabl Sync="TRUE">UNITS3_9</attrlabl><attalias Sync="TRUE">UNITS3_9</attalias><attrtype Sync="TRUE">Number</attrtype><attwidth Sync="TRUE">7</attwidth></attr><attr><attrlabl Sync="TRUE">UNITS10_49</attrlabl><attalias Sync="TRUE">UNITS10_49</attalias><attrtype Sync="TRUE">Number</attrtype><attwidth Sync="TRUE">7</attwidth></attr><attr><attrlabl Sync="TRUE">UNITS50_UP</attrlabl><attalias Sync="TRUE">UNITS50_UP</attalias><attrtype Sync="TRUE">Number</attrtype><attwidth Sync="TRUE">7</attwidth></attr><attr><attrlabl Sync="TRUE">MOBILEHOME</attrlabl><attalias Sync="TRUE">MOBILEHOME</attalias><attrtype Sync="TRUE">Number</attrtype><attwidth Sync="TRUE">6</attwidth></attr><attr><attrlabl Sync="TRUE">NO_FARMS87</attrlabl><attalias Sync="TRUE">NO_FARMS87</attalias><attrtype Sync="TRUE">Number</attrtype><attwidth Sync="TRUE">5</attwidth></attr><attr><attrlabl Sync="TRUE">AVG_SIZE87</attrlabl><attalias Sync="TRUE">AVG_SIZE87</attalias><attrtype Sync="TRUE">Number</attrtype><attwidth Sync="TRUE">6</attwidth></attr><attr><attrlabl Sync="TRUE">CROP_ACR87</attrlabl><attalias Sync="TRUE">CROP_ACR87</attalias><attrtype Sync="TRUE">Number</attrtype><attwidth Sync="TRUE">8</attwidth></attr><attr><attrlabl Sync="TRUE">AVG_SALE87</attrlabl><attalias Sync="TRUE">AVG_SALE87</attalias><attrtype Sync="TRUE">Number</attrtype><attwidth Sync="TRUE">7</attwidth></attr></detailed></eainfo><mdDateSt Sync="TRUE">20080609</mdDateSt></metadata>
